{"weights": [[-0.3799237995912685, 0.3995330992349385, 0.4906045162606739, 0.6036050420777684, 0.23807388486686576], [-1.000646771103028, -0.4872861540122858, 0.12750259024193586, -0.5692205217604532, 0.4691855882218307], [-0.3822272793330749, 0.2538462388600471, -1.5654163984195575, 0.0835617276532307, 0.5999123626224444], [0.7655937800766028, -0.29307076228090356, -0.37339672318293254, -0.3484455033140273, 0.5143294839155084], [1.2847050520695584, -0.2258675016362519, -0.428771497614773, -1.3529811104855847, 0.18592015996354555]], "bias": [[0.4775662281436481, 0.1705902142044452, 0.13001052471277175, -1.0648193681784799, 0.2866524011176139]]}